-- 會員基本資料(USER_INFO)
insert USER_INFO (USER_ID, USER_NAME, USER_GENDER, USER_PHONE, USER_MAIL, USER_BIRTH, USER_ADDRESS, CREATE_ID)
values (REPLACE(UUID(),'-',''), 'Admin', 'M', '0912345679', 'eeit42orderhippo@gmail.com', '2000-01-01', 
	'408台中市南屯區公益路二段51號', REPLACE(UUID(),'-',''))

insert USER_INFO (USER_ID, USER_NAME, USER_GENDER, USER_PHONE, USER_MAIL, USER_BIRTH, USER_ADDRESS, CREATE_ID)
values (REPLACE(UUID(),'-',''), 'Max', 'M', '0912345678', 'Max@gmail.com', '2010-01-01', 
	'408台中市南屯區公益路二段52號', REPLACE(UUID(),'-',''))

insert USER_INFO (USER_ID, USER_NAME, USER_GENDER, USER_PHONE, USER_MAIL, USER_BIRTH, USER_ADDRESS, CREATE_ID)
values (REPLACE(UUID(),'-',''), 'May', 'F', '0912345677', 'May@gmail.com', '1990-01-01', 
	'408台中市南屯區公益路二段53號', REPLACE(UUID(),'-',''))

insert USER_INFO (USER_ID, USER_NAME, USER_GENDER, USER_PHONE, USER_MAIL, USER_BIRTH, USER_ADDRESS, CREATE_ID)
values (REPLACE(UUID(),'-',''), 'Jhon', 'M', '0912345676', 'Jhon@gmail.com', '1980-01-01', 
	'408台中市南屯區公益路二段54號', REPLACE(UUID(),'-',''))

insert USER_INFO (USER_ID, USER_NAME, USER_GENDER, USER_PHONE, USER_MAIL, USER_BIRTH, USER_ADDRESS, CREATE_ID)
values (REPLACE(UUID(),'-',''), 'Kevin', 'X', '0912345675', 'Kevin@gmail.com', '1983-01-01', 
	'408台中市南屯區公益路二段55號', REPLACE(UUID(),'-',''))

insert USER_INFO (USER_ID, USER_NAME, USER_GENDER, USER_PHONE, USER_MAIL, USER_BIRTH, USER_ADDRESS, CREATE_ID)
values (REPLACE(UUID(),'-',''), 'Allen', 'M', '0912345674', 'Allen@gmail.com', '1973-01-01', 
	'408台中市南屯區公益路二段56號', REPLACE(UUID(),'-',''))

insert USER_INFO (USER_ID, USER_NAME, USER_GENDER, USER_PHONE, USER_MAIL, USER_BIRTH, USER_ADDRESS, CREATE_ID)
values (REPLACE(UUID(),'-',''), 'Jason', 'X', '0912345673', 'Jason@gmail.com', '1993-01-01', 
	'408台中市南屯區公益路二段57號', REPLACE(UUID(),'-',''))

insert USER_INFO (USER_ID, USER_NAME, USER_GENDER, USER_PHONE, USER_MAIL, USER_BIRTH, USER_ADDRESS, CREATE_ID)
values (REPLACE(UUID(),'-',''), 'Paggy', 'F', '0912345672', 'Paggy@gmail.com', '2003-01-01', 
	'408台中市南屯區公益路二段58號', REPLACE(UUID(),'-',''))

insert USER_INFO (USER_ID, USER_NAME, USER_GENDER, USER_PHONE, USER_MAIL, USER_BIRTH, USER_ADDRESS, CREATE_ID)
values (REPLACE(UUID(),'-',''), 'Merry', 'F', '0912345671', 'Merry@gmail.com', '1983-01-01', 
	'408台中市南屯區公益路二段59號', REPLACE(UUID(),'-',''))

insert USER_INFO (USER_ID, USER_NAME, USER_GENDER, USER_PHONE, USER_MAIL, USER_BIRTH, USER_ADDRESS, CREATE_ID)
values (REPLACE(UUID(),'-',''), 'Amy', 'F', '0912345670', 'Amy@gmail.com', '2009-01-01', 
	'408台中市南屯區公益路二段60號', REPLACE(UUID(),'-',''))

insert USER_INFO (USER_ID, USER_NAME, USER_GENDER, USER_PHONE, USER_MAIL, USER_BIRTH, USER_ADDRESS, CREATE_ID)
values (REPLACE(UUID(),'-',''), 'Kelly', 'F', '0912345669', 'Kelly@gmail.com', '1978-01-01', 
	'408台中市南屯區公益路二段61號', REPLACE(UUID(),'-',''))
	
-- 店家基本資料(STORE_INFO)
/*insert STORE_INFO (STORE_NAME, STORE_ADDRESS, STORE_PHONE, STORE_MAIL, STORE_LOCATION, STORE_TOKEN, CREATE_ID)
values ('Order Hippo', '408台中市南屯區公益路二段52號', '0966666666', 'eeit42orderhippo@gmail.com', '24.1505311,120.6488196',
	REPLACE(UUID(),'-',''), 'Admin')*/
insert STORE_INFO (STORE_ID, STORE_NAME, STORE_ADDRESS, STORE_PHONE, STORE_MAIL, STORE_LOCATION, STORE_TOKEN, CREATE_ID)
values ('l3rH7uT47PTrQSteWO2V9XqbpRn1', 'Order Hippo', '408台中市南屯區公益路二段52號', '0966666666', 
	'eeit42orderhippo@gmail.com', '24.1505311,120.6488196', REPLACE(UUID(),'-',''), 'Admin')

-- 商品分類(MEAL_CATEGORY)
insert MEAL_CATEGORY (MEAL_CATEGORY_ID, MEAL_CATEGORY_NAME, MEAL_CATEGORY_DESC)
values ('HEALTHMEAL', '健康餐盒', '健康餐盒');

insert MEAL_CATEGORY (MEAL_CATEGORY_ID, MEAL_CATEGORY_NAME, MEAL_CATEGORY_DESC)
values ('SALAD', '沙拉', '沙拉');

insert MEAL_CATEGORY (MEAL_CATEGORY_ID, MEAL_CATEGORY_NAME, MEAL_CATEGORY_DESC)
values ('PASTA', '義大利麵', '義大利麵');

insert MEAL_CATEGORY (MEAL_CATEGORY_ID, MEAL_CATEGORY_NAME, MEAL_CATEGORY_DESC)
values ('DRINK', '飲料', '飲料');

-- 商品資料(MEAL) + 餐點BOM(MEAL_BOM)
insert MEAL (MEAL_NAME, MEAL_CATEGORY_ID, MEAL_CATEGORY_NAME, STORE_ID, MEAL_IMAGE, MEAL_DESC, MEAL_PRICE, MEAL_CALORIE,
	MEAL_CARB, MEAL_FAT, MEAL_PROTEIN, MEAL_VEGAN, MEAL_HOT, MEAL_STATUS, CREATE_ID)
values ('雞胸餐盒', 'HEALTHMEAL', '健康餐盒', 'l3rH7uT47PTrQSteWO2V9XqbpRn1', '', '雞胸餐盒', 145, 
	0, 0, 0, 0, false, true, true, 'l3rH7uT47PTrQSteWO2V9XqbpRn1');

insert MEAL_BOM (MEAL_ID, INGREDIENT_ID, INGREDIENT_NAME, MEAL_INGREDIENT_WEIGHT, MEAL_INGREDIENT_CALORIE, MEAL_INGREDIENT_CARB,
	MEAL_INGREDIENT_FAT, MEAL_INGREDIENT_PROTEIN, CREATE_ID)
values ('M202205_669d7c36dd7311eca4fa068cdc81eecc', 'I0402402', '去皮清肉(肉雞)：去皮雞胸肉', 
	150, 175.5, 0, 1.5, 34.5, 'S202205_2c157218dc9611ec95b9068cdc81eecb')

insert MEAL_BOM (MEAL_ID, INGREDIENT_ID, INGREDIENT_NAME, MEAL_INGREDIENT_WEIGHT, MEAL_INGREDIENT_CALORIE, MEAL_INGREDIENT_CARB,
	MEAL_INGREDIENT_FAT, MEAL_INGREDIENT_PROTEIN, CREATE_ID)
values ('M202205_669d7c36dd7311eca4fa068cdc81eecc', 'D0900401', '酪梨(室溫存放6天)：牛油果(梨),黃油果(梨),油梨,鰐(鱷)梨,幸福果,樂天果', 
	150, 138, 9, 10.5, 1.5, 'S202205_2c157218dc9611ec95b9068cdc81eecb')

insert MEAL_BOM (MEAL_ID, INGREDIENT_ID, INGREDIENT_NAME, MEAL_INGREDIENT_WEIGHT, MEAL_INGREDIENT_CALORIE, MEAL_INGREDIENT_CARB,
	MEAL_INGREDIENT_FAT, MEAL_INGREDIENT_PROTEIN, CREATE_ID)
values ('M202205_669d7c36dd7311eca4fa068cdc81eecc', 'A0550601', '白飯', 
	150, 274.5, 61.5, 0, 4.5, 'S202205_2c157218dc9611ec95b9068cdc81eecb')

insert MEAL_BOM (MEAL_ID, INGREDIENT_ID, INGREDIENT_NAME, MEAL_INGREDIENT_WEIGHT, MEAL_INGREDIENT_CALORIE, MEAL_INGREDIENT_CARB,
	MEAL_INGREDIENT_FAT, MEAL_INGREDIENT_PROTEIN, CREATE_ID)
values ('M202205_669d7c36dd7311eca4fa068cdc81eecc', 'M2700101', '橄欖油', 
	6, 53.04, 0, 6, 0, 'S202205_2c157218dc9611ec95b9068cdc81eecb')

insert MEAL_BOM (MEAL_ID, INGREDIENT_ID, INGREDIENT_NAME, MEAL_INGREDIENT_WEIGHT, MEAL_INGREDIENT_CALORIE, MEAL_INGREDIENT_CARB,
	MEAL_INGREDIENT_FAT, MEAL_INGREDIENT_PROTEIN, CREATE_ID)
values ('M202205_669d7c36dd7311eca4fa068cdc81eecc', 'E2100101', '大蒜：蒜頭,大蒜頭,蒜球,蒜瓣,蒜仔頭', 
	6, 7.32, 1.56, 0, 0.36, 'S202205_2c157218dc9611ec95b9068cdc81eecb')	

insert MEAL_BOM (MEAL_ID, INGREDIENT_ID, INGREDIENT_NAME, MEAL_INGREDIENT_WEIGHT, MEAL_INGREDIENT_CALORIE, MEAL_INGREDIENT_CARB,
	MEAL_INGREDIENT_FAT, MEAL_INGREDIENT_PROTEIN, CREATE_ID)
values ('M202205_669d7c36dd7311eca4fa068cdc81eecc', 'E7500201', '甜椒(紅皮)：甜椒,甜番椒,大同仔,番羌仔,燈籠椒,生番薑,獅子椒,甘椒,生椒(紅椒,紅番(辣)椒,紅色大唐)', 
	40, 13.2, 2.8, 0, 0, 'S202205_2c157218dc9611ec95b9068cdc81eecb')

	
	
	
insert MEAL (MEAL_NAME, MEAL_CATEGORY_ID, MEAL_CATEGORY_NAME, STORE_ID, MEAL_IMAGE, MEAL_DESC, MEAL_PRICE, MEAL_CALORIE,
	MEAL_CARB, MEAL_FAT, MEAL_PROTEIN, MEAL_VEGAN, MEAL_HOT, MEAL_STATUS, CREATE_ID)
values ('雞胸餐盒', 'HEALTHMEAL', '健康餐盒', 'l3rH7uT47PTrQSteWO2V9XqbpRn1', 'https://i.imgur.com/Z2mNXuL.jpg', '雞胸餐盒', 145, 
	0, 0, 0, 0, false, true, true, 'l3rH7uT47PTrQSteWO2V9XqbpRn1');

insert MEAL (MEAL_NAME, MEAL_CATEGORY_ID, MEAL_CATEGORY_NAME, STORE_ID, MEAL_IMAGE, MEAL_DESC, MEAL_PRICE, MEAL_CALORIE,
	MEAL_CARB, MEAL_FAT, MEAL_PROTEIN, MEAL_VEGAN, MEAL_HOT, MEAL_STATUS, CREATE_ID)
values ('牛排餐盒', 'HEALTHMEAL', '健康餐盒', 'l3rH7uT47PTrQSteWO2V9XqbpRn1', 'https://i.imgur.com/KzkOHUl.jpg', '牛排餐盒', 185, 
	0, 0, 0, 0, false, true, true, 'l3rH7uT47PTrQSteWO2V9XqbpRn1');

insert MEAL (MEAL_NAME, MEAL_CATEGORY_ID, MEAL_CATEGORY_NAME, STORE_ID, MEAL_IMAGE, MEAL_DESC, MEAL_PRICE, MEAL_CALORIE,
	MEAL_CARB, MEAL_FAT, MEAL_PROTEIN, MEAL_VEGAN, MEAL_HOT, MEAL_STATUS, CREATE_ID)
values ('蝦子餐盒', 'HEALTHMEAL', '健康餐盒', 'l3rH7uT47PTrQSteWO2V9XqbpRn1', 'https://i.imgur.com/vs9nfIV.jpg', '鮮蝦餐盒', 165, 
	0, 0, 0, 0, false, true, true, 'l3rH7uT47PTrQSteWO2V9XqbpRn1');

insert MEAL (MEAL_NAME, MEAL_CATEGORY_ID, MEAL_CATEGORY_NAME, STORE_ID, MEAL_IMAGE, MEAL_DESC, MEAL_PRICE, MEAL_CALORIE,
	MEAL_CARB, MEAL_FAT, MEAL_PROTEIN, MEAL_VEGAN, MEAL_HOT, MEAL_STATUS, CREATE_ID)
values ('鮭魚餐盒', 'HEALTHMEAL', '健康餐盒', 'l3rH7uT47PTrQSteWO2V9XqbpRn1', 'https://i.imgur.com/A6PqIJ7.jpg', '鮭魚餐盒', 185, 
	0, 0, 0, 0, false, true, true, 'l3rH7uT47PTrQSteWO2V9XqbpRn1');

insert MEAL (MEAL_NAME, MEAL_CATEGORY_ID, MEAL_CATEGORY_NAME, STORE_ID, MEAL_IMAGE, MEAL_DESC, MEAL_PRICE, MEAL_CALORIE,
	MEAL_CARB, MEAL_FAT, MEAL_PROTEIN, MEAL_VEGAN, MEAL_HOT, MEAL_STATUS, CREATE_ID)
values ('鯖魚餐盒', 'HEALTHMEAL', '健康餐盒', 'l3rH7uT47PTrQSteWO2V9XqbpRn1', 'https://i.imgur.com/3Nloewh.jpg', '鯖魚餐盒', 155, 
	0, 0, 0, 0, false, true, true, 'l3rH7uT47PTrQSteWO2V9XqbpRn1');

insert MEAL (MEAL_NAME, MEAL_CATEGORY_ID, MEAL_CATEGORY_NAME, STORE_ID, MEAL_IMAGE, MEAL_DESC, MEAL_PRICE, MEAL_CALORIE,
	MEAL_CARB, MEAL_FAT, MEAL_PROTEIN, MEAL_VEGAN, MEAL_HOT, MEAL_STATUS, CREATE_ID)
values ('蔬食餐盒', 'HEALTHMEAL', '健康餐盒', 'l3rH7uT47PTrQSteWO2V9XqbpRn1', 'https://i.imgur.com/4IXQJLi.jpg', '蔬食餐盒', 125, 
	0, 0, 0, 0, false, true, true, 'l3rH7uT47PTrQSteWO2V9XqbpRn1');

insert MEAL (MEAL_NAME, MEAL_CATEGORY_ID, MEAL_CATEGORY_NAME, STORE_ID, MEAL_IMAGE, MEAL_DESC, MEAL_PRICE, MEAL_CALORIE,
	MEAL_CARB, MEAL_FAT, MEAL_PROTEIN, MEAL_VEGAN, MEAL_HOT, MEAL_STATUS, CREATE_ID)
values ('雞腿餐盒', 'HEALTHMEAL', '健康餐盒', 'l3rH7uT47PTrQSteWO2V9XqbpRn1', 'https://i.imgur.com/ZNdYxS6.jpg', '雞腿餐盒', 155, 
	0, 0, 0, 0, false, true, true, 'l3rH7uT47PTrQSteWO2V9XqbpRn1');

insert MEAL (MEAL_NAME, MEAL_CATEGORY_ID, MEAL_CATEGORY_NAME, STORE_ID, MEAL_IMAGE, MEAL_DESC, MEAL_PRICE, MEAL_CALORIE,
	MEAL_CARB, MEAL_FAT, MEAL_PROTEIN, MEAL_VEGAN, MEAL_HOT, MEAL_STATUS, CREATE_ID)
values ('滷牛肉餐盒', 'HEALTHMEAL', '健康餐盒', 'l3rH7uT47PTrQSteWO2V9XqbpRn1', 'https://i.imgur.com/XdBa6TC.jpg', '滷牛腱餐盒', 155, 
	0, 0, 0, 0, false, true, true, 'l3rH7uT47PTrQSteWO2V9XqbpRn1');

insert MEAL (MEAL_NAME, MEAL_CATEGORY_ID, MEAL_CATEGORY_NAME, STORE_ID, MEAL_IMAGE, MEAL_DESC, MEAL_PRICE, MEAL_CALORIE,
	MEAL_CARB, MEAL_FAT, MEAL_PROTEIN, MEAL_VEGAN, MEAL_HOT, MEAL_STATUS, CREATE_ID)
values ('手撕豬肉餐盒', 'HEALTHMEAL', '健康餐盒', 'l3rH7uT47PTrQSteWO2V9XqbpRn1', 'https://i.imgur.com/Sbm91nf.jpg', '手撕豬肉餐盒', 145, 
	0, 0, 0, 0, false, true, true, 'l3rH7uT47PTrQSteWO2V9XqbpRn1');

insert MEAL (MEAL_NAME, MEAL_CATEGORY_ID, MEAL_CATEGORY_NAME, STORE_ID, MEAL_IMAGE, MEAL_DESC, MEAL_PRICE, MEAL_CALORIE,
	MEAL_CARB, MEAL_FAT, MEAL_PROTEIN, MEAL_VEGAN, MEAL_HOT, MEAL_STATUS, CREATE_ID)
values ('凱薩沙拉', 'SALAD', '沙拉', 'l3rH7uT47PTrQSteWO2V9XqbpRn1', 'https://i.imgur.com/p9sGYIu.jpg', '凱薩沙拉', 165, 
	0, 0, 0, 0, false, true, true, 'l3rH7uT47PTrQSteWO2V9XqbpRn1');

insert MEAL (MEAL_NAME, MEAL_CATEGORY_ID, MEAL_CATEGORY_NAME, STORE_ID, MEAL_IMAGE, MEAL_DESC, MEAL_PRICE, MEAL_CALORIE,
	MEAL_CARB, MEAL_FAT, MEAL_PROTEIN, MEAL_VEGAN, MEAL_HOT, MEAL_STATUS, CREATE_ID)
values ('鮭魚沙拉', 'SALAD', '沙拉', 'l3rH7uT47PTrQSteWO2V9XqbpRn1', 'https://i.imgur.com/KgRJK9v.jpg', '鮭魚沙拉', 175, 
	0, 0, 0, 0, false, true, true, 'l3rH7uT47PTrQSteWO2V9XqbpRn1');

insert MEAL (MEAL_NAME, MEAL_CATEGORY_ID, MEAL_CATEGORY_NAME, STORE_ID, MEAL_IMAGE, MEAL_DESC, MEAL_PRICE, MEAL_CALORIE,
	MEAL_CARB, MEAL_FAT, MEAL_PROTEIN, MEAL_VEGAN, MEAL_HOT, MEAL_STATUS, CREATE_ID)
values ('鮮蝦沙拉', 'SALAD', '沙拉', 'l3rH7uT47PTrQSteWO2V9XqbpRn1', 'https://i.imgur.com/oetxaqP.jpg', '鮮蝦沙拉', 155, 
	0, 0, 0, 0, false, true, true, 'l3rH7uT47PTrQSteWO2V9XqbpRn1');

insert MEAL (MEAL_NAME, MEAL_CATEGORY_ID, MEAL_CATEGORY_NAME, STORE_ID, MEAL_IMAGE, MEAL_DESC, MEAL_PRICE, MEAL_CALORIE,
	MEAL_CARB, MEAL_FAT, MEAL_PROTEIN, MEAL_VEGAN, MEAL_HOT, MEAL_STATUS, CREATE_ID)
values ('雞胸沙拉', 'SALAD', '沙拉', 'l3rH7uT47PTrQSteWO2V9XqbpRn1', 'https://i.imgur.com/3tSL1wb.jpg', '雞胸沙拉', 135, 
	0, 0, 0, 0, false, true, true, 'l3rH7uT47PTrQSteWO2V9XqbpRn1');

insert MEAL (MEAL_NAME, MEAL_CATEGORY_ID, MEAL_CATEGORY_NAME, STORE_ID, MEAL_IMAGE, MEAL_DESC, MEAL_PRICE, MEAL_CALORIE,
	MEAL_CARB, MEAL_FAT, MEAL_PROTEIN, MEAL_VEGAN, MEAL_HOT, MEAL_STATUS, CREATE_ID)
values ('牛排沙拉', 'SALAD', '沙拉', 'l3rH7uT47PTrQSteWO2V9XqbpRn1', 'https://i.imgur.com/0uoFujO.jpg', '牛排沙拉', 175, 
	0, 0, 0, 0, false, true, true, 'l3rH7uT47PTrQSteWO2V9XqbpRn1');

insert MEAL (MEAL_NAME, MEAL_CATEGORY_ID, MEAL_CATEGORY_NAME, STORE_ID, MEAL_IMAGE, MEAL_DESC, MEAL_PRICE, MEAL_CALORIE,
	MEAL_CARB, MEAL_FAT, MEAL_PROTEIN, MEAL_VEGAN, MEAL_HOT, MEAL_STATUS, CREATE_ID)
values ('蔬食沙拉', 'SALAD', '沙拉', 'l3rH7uT47PTrQSteWO2V9XqbpRn1', 'https://i.imgur.com/NNj0LqE.jpg', '蔬食沙拉', 115, 
	0, 0, 0, 0, false, true, true, 'l3rH7uT47PTrQSteWO2V9XqbpRn1');	
	
insert MEAL (MEAL_NAME, MEAL_CATEGORY_ID, MEAL_CATEGORY_NAME, STORE_ID, MEAL_IMAGE, MEAL_DESC, MEAL_PRICE, MEAL_CALORIE,
	MEAL_CARB, MEAL_FAT, MEAL_PROTEIN, MEAL_VEGAN, MEAL_HOT, MEAL_STATUS, CREATE_ID)
values ('雞胸白醬筆管麵', 'PASTA', '義大利麵', 'l3rH7uT47PTrQSteWO2V9XqbpRn1', 'https://i.imgur.com/2zi6a1y.jpg', '雞胸白醬筆管麵', 165, 
	0, 0, 0, 0, false, true, true, 'l3rH7uT47PTrQSteWO2V9XqbpRn1');

insert MEAL (MEAL_NAME, MEAL_CATEGORY_ID, MEAL_CATEGORY_NAME, STORE_ID, MEAL_IMAGE, MEAL_DESC, MEAL_PRICE, MEAL_CALORIE,
	MEAL_CARB, MEAL_FAT, MEAL_PROTEIN, MEAL_VEGAN, MEAL_HOT, MEAL_STATUS, CREATE_ID)
values ('蔬食筆管麵', 'PASTA', '義大利麵', 'l3rH7uT47PTrQSteWO2V9XqbpRn1', 'https://i.imgur.com/I440SUC.jpg', '蔬食筆管麵', 155, 
	0, 0, 0, 0, false, true, true, 'l3rH7uT47PTrQSteWO2V9XqbpRn1')	;
	
insert MEAL (MEAL_NAME, MEAL_CATEGORY_ID, MEAL_CATEGORY_NAME, STORE_ID, MEAL_IMAGE, MEAL_DESC, MEAL_PRICE, MEAL_CALORIE,
	MEAL_CARB, MEAL_FAT, MEAL_PROTEIN, MEAL_VEGAN, MEAL_HOT, MEAL_STATUS, CREATE_ID)
values ('蔬食番茄義大利麵', 'PASTA', '義大利麵', 'l3rH7uT47PTrQSteWO2V9XqbpRn1', 'https://i.imgur.com/UipachW.jpg', '蔬食番茄義大利麵', 165, 
	0, 0, 0, 0, false, true, true, 'l3rH7uT47PTrQSteWO2V9XqbpRn1')	;
	
insert MEAL (MEAL_NAME, MEAL_CATEGORY_ID, MEAL_CATEGORY_NAME, STORE_ID, MEAL_IMAGE, MEAL_DESC, MEAL_PRICE, MEAL_CALORIE,
	MEAL_CARB, MEAL_FAT, MEAL_PROTEIN, MEAL_VEGAN, MEAL_HOT, MEAL_STATUS, CREATE_ID)
values ('培根白醬筆管麵', 'PASTA', '義大利麵', 'l3rH7uT47PTrQSteWO2V9XqbpRn1', 'https://i.imgur.com/rhWiJQ8.jpg', '培根白醬筆管麵', 165, 
	0, 0, 0, 0, false, true, true, 'l3rH7uT47PTrQSteWO2V9XqbpRn1')	;
	
insert MEAL (MEAL_NAME, MEAL_CATEGORY_ID, MEAL_CATEGORY_NAME, STORE_ID, MEAL_IMAGE, MEAL_DESC, MEAL_PRICE, MEAL_CALORIE,
	MEAL_CARB, MEAL_FAT, MEAL_PROTEIN, MEAL_VEGAN, MEAL_HOT, MEAL_STATUS, CREATE_ID)
values ('雞肉青醬筆管麵', 'PASTA', '義大利麵', 'l3rH7uT47PTrQSteWO2V9XqbpRn1', 'https://i.imgur.com/jjQBnJl.jpg', '雞肉青醬筆管麵', 165, 
	0, 0, 0, 0, false, true, true, 'l3rH7uT47PTrQSteWO2V9XqbpRn1')	;
	
insert MEAL (MEAL_NAME, MEAL_CATEGORY_ID, MEAL_CATEGORY_NAME, STORE_ID, MEAL_IMAGE, MEAL_DESC, MEAL_PRICE, MEAL_CALORIE,
	MEAL_CARB, MEAL_FAT, MEAL_PROTEIN, MEAL_VEGAN, MEAL_HOT, MEAL_STATUS, CREATE_ID)
values ('雞肉培根貝殼麵', 'PASTA', '義大利麵', 'l3rH7uT47PTrQSteWO2V9XqbpRn1', 'https://i.imgur.com/WxXG0T3.jpg', '雞肉培根貝殼麵', 165, 
	0, 0, 0, 0, false, true, true, 'l3rH7uT47PTrQSteWO2V9XqbpRn1')	;
	
insert MEAL (MEAL_NAME, MEAL_CATEGORY_ID, MEAL_CATEGORY_NAME, STORE_ID, MEAL_IMAGE, MEAL_DESC, MEAL_PRICE, MEAL_CALORIE,
	MEAL_CARB, MEAL_FAT, MEAL_PROTEIN, MEAL_VEGAN, MEAL_HOT, MEAL_STATUS, CREATE_ID)
values ('鮮蝦義大利麵', 'PASTA', '義大利麵', 'l3rH7uT47PTrQSteWO2V9XqbpRn1', 'https://i.imgur.com/bli6TeV.jpg', '鮮蝦義大利麵', 185, 
	0, 0, 0, 0, false, true, true, 'l3rH7uT47PTrQSteWO2V9XqbpRn1')	;
	
insert MEAL (MEAL_NAME, MEAL_CATEGORY_ID, MEAL_CATEGORY_NAME, STORE_ID, MEAL_IMAGE, MEAL_DESC, MEAL_PRICE, MEAL_CALORIE,
	MEAL_CARB, MEAL_FAT, MEAL_PROTEIN, MEAL_VEGAN, MEAL_HOT, MEAL_STATUS, CREATE_ID)
values ('慢燉手撕牛肉義大利麵', 'PASTA', '義大利麵', 'l3rH7uT47PTrQSteWO2V9XqbpRn1', 'https://i.imgur.com/M9sJevq.jpg', '慢燉手撕牛肉義大利麵', 185, 
	0, 0, 0, 0, false, true, true, 'l3rH7uT47PTrQSteWO2V9XqbpRn1')	;
	
insert MEAL (MEAL_NAME, MEAL_CATEGORY_ID, MEAL_CATEGORY_NAME, STORE_ID, MEAL_IMAGE, MEAL_DESC, MEAL_PRICE, MEAL_CALORIE,
	MEAL_CARB, MEAL_FAT, MEAL_PROTEIN, MEAL_VEGAN, MEAL_HOT, MEAL_STATUS, CREATE_ID)
values ('挪威鮭魚義大利麵', 'PASTA', '義大利麵', 'l3rH7uT47PTrQSteWO2V9XqbpRn1', 'https://i.imgur.com/QHDhhJv.jpg', '挪威鮭魚義大利麵', 195, 
	0, 0, 0, 0, false, true, true, 'l3rH7uT47PTrQSteWO2V9XqbpRn1');
	
insert MEAL (MEAL_NAME, MEAL_CATEGORY_ID, MEAL_CATEGORY_NAME, STORE_ID, MEAL_IMAGE, MEAL_DESC, MEAL_PRICE, MEAL_CALORIE,
	MEAL_CARB, MEAL_FAT, MEAL_PROTEIN, MEAL_VEGAN, MEAL_HOT, MEAL_STATUS, CREATE_ID)
values ('青澀年華', 'DRINK', '飲料', 'l3rH7uT47PTrQSteWO2V9XqbpRn1', 'https://i.imgur.com/gEHNd4w.jpg', '青澀年華', 150, 
	0, 0, 0, 0, false, true, true, 'l3rH7uT47PTrQSteWO2V9XqbpRn1');	
	
insert MEAL (MEAL_NAME, MEAL_CATEGORY_ID, MEAL_CATEGORY_NAME, STORE_ID, MEAL_IMAGE, MEAL_DESC, MEAL_PRICE, MEAL_CALORIE,
	MEAL_CARB, MEAL_FAT, MEAL_PROTEIN, MEAL_VEGAN, MEAL_HOT, MEAL_STATUS, CREATE_ID)
values ('巧克力櫻桃果昔', 'DRINK', '飲料', 'l3rH7uT47PTrQSteWO2V9XqbpRn1', 'https://i.imgur.com/kFgxUWE.jpg', '巧克力櫻桃果昔', 165, 
	0, 0, 0, 0, false, true, true, 'l3rH7uT47PTrQSteWO2V9XqbpRn1');
	
insert MEAL (MEAL_NAME, MEAL_CATEGORY_ID, MEAL_CATEGORY_NAME, STORE_ID, MEAL_IMAGE, MEAL_DESC, MEAL_PRICE, MEAL_CALORIE,
	MEAL_CARB, MEAL_FAT, MEAL_PROTEIN, MEAL_VEGAN, MEAL_HOT, MEAL_STATUS, CREATE_ID)
values ('橙橘氣泡飲', 'DRINK', '飲料', 'l3rH7uT47PTrQSteWO2V9XqbpRn1', 'https://i.imgur.com/6WsVPrK.jpg', '橙橘氣泡飲', 145, 
	0, 0, 0, 0, false, true, true, 'l3rH7uT47PTrQSteWO2V9XqbpRn1');
	
insert MEAL (MEAL_NAME, MEAL_CATEGORY_ID, MEAL_CATEGORY_NAME, STORE_ID, MEAL_IMAGE, MEAL_DESC, MEAL_PRICE, MEAL_CALORIE,
	MEAL_CARB, MEAL_FAT, MEAL_PROTEIN, MEAL_VEGAN, MEAL_HOT, MEAL_STATUS, CREATE_ID)
values ('綠野仙蹤', 'DRINK', '飲料', 'l3rH7uT47PTrQSteWO2V9XqbpRn1', 'https://i.imgur.com/zFGVPcg.jpg', '綠野仙蹤', 155, 
	0, 0, 0, 0, false, true, true, 'l3rH7uT47PTrQSteWO2V9XqbpRn1');
	
insert MEAL (MEAL_NAME, MEAL_CATEGORY_ID, MEAL_CATEGORY_NAME, STORE_ID, MEAL_IMAGE, MEAL_DESC, MEAL_PRICE, MEAL_CALORIE,
	MEAL_CARB, MEAL_FAT, MEAL_PROTEIN, MEAL_VEGAN, MEAL_HOT, MEAL_STATUS, CREATE_ID)
values ('酸甜時刻', 'DRINK', '飲料', 'l3rH7uT47PTrQSteWO2V9XqbpRn1', 'https://i.imgur.com/HwZyi5A.jpg', '酸甜時刻', 165, 
	0, 0, 0, 0, false, true, true, 'l3rH7uT47PTrQSteWO2V9XqbpRn1');
	
insert MEAL (MEAL_NAME, MEAL_CATEGORY_ID, MEAL_CATEGORY_NAME, STORE_ID, MEAL_IMAGE, MEAL_DESC, MEAL_PRICE, MEAL_CALORIE,
	MEAL_CARB, MEAL_FAT, MEAL_PROTEIN, MEAL_VEGAN, MEAL_HOT, MEAL_STATUS, CREATE_ID)
values ('吃瓜輕飲', 'DRINK', '飲料', 'l3rH7uT47PTrQSteWO2V9XqbpRn1', 'https://i.imgur.com/mHCj1Rr.jpg', '吃瓜輕飲', 145, 
	0, 0, 0, 0, false, true, true, 'l3rH7uT47PTrQSteWO2V9XqbpRn1');
	
	
	
	